﻿ID,Work Item Type,Title,Assigned To,State,Work Type,Effort Point,Hours Worked
124710,Product Backlog Item,EBT Enhancement - EForm Properties Tab - Reset Feature Overhaul,Joe Brousseau,Committed,Development Work,8,47.75
126181,Bug,Feature Bug - EBT Feature to Archive Forms when an Employee's Addresses are Updated from Multiple Work Addresses to One Work Address - Part 1 (File Loads),Joe Brousseau,Committed,Development Work,,21.25
94515,Product Backlog Item,Report Performance Enhancement - Workday Non-Form Locals Failed to Integrate Report - Full,Joe Brousseau,Done,Development Work,3,23.5
121718,Product Backlog Item,I-9 E-Verify Closure Reason Updates,Amy Widel,Done,Development Work,5,29.5
123501,Product Backlog Item,Dev Only - QTS - Add Multi-Threading Support So We Can Process Multiple Employees Simultaneously,Will Broyles,Done,Development Work,5,18
123766,Product Backlog Item,"Dev Research - Evaluate EForms/I-9 PE.com for ""Employee"" and ""Employer"" References",Joe Brousseau,Done,Development Work,5,10
123890,Product Backlog Item,Dev Only - Move AllPayrollTaxAuthorities Batch Update Notification Email Distro List into Application Settings Table,Joe Brousseau,Done,Development Work,3,3.75
124009,Product Backlog Item,Sprint 20 - EForm Deployment - Yellow Team,Alex Simons,Done,Development Work,2,4
124796,Product Backlog Item,Form Update - Colorado DR 0004 (Rev 11/2021),Joe Brousseau,Done,Development Work,3,10.25
124804,Product Backlog Item,Workday Update - Update to API v39.0,Joe Brousseau,Done,Development Work,5,27.5
124814,Product Backlog Item,Form Update - Ohio IT-4 (Rev 12/2020),Joe Brousseau,Done,Development Work,3,12.25
124952,Product Backlog Item,EBT Enhancement - EForm Data Tab - Edit HTML Feature,Joe Brousseau,Done,Development Work,8,33.25
125131,Product Backlog Item,EBT Form Update Bucket - Sprint 20 - Yellow Team,Darren Niles,Done,Development Work,2,7
125155,Product Backlog Item,Cross-Team Deliverables - Yellow Team,Chris Amobi,Done,Development Work,1,6.75
125157,Product Backlog Item,Sprint 19 PE.com Prod Reviews - Yellow Team,Grigor Nikolov,Done,Development Work,3,14
125290,Product Backlog Item,Dev Only - Compile QTS QA Documentation and Single Pull Request,Will Broyles,Done,Development Work,5,19
125415,Product Backlog Item,New Form - EmployBridge - Georgia State Release Form,Amy Widel,Done,Development Work,5,4
125567,Product Backlog Item,Time Log - Troubleshoot MAAF EBT Reset Feature,Joe Brousseau,Done,Development Work,2,13
125700,Product Backlog Item,Prod Support Bucket - Yellow Team,Will Broyles,Done,Development Work,5,5
125771,Product Backlog Item,Dev Only - Auth File Processor - Inaccurate Record Counts,Joe Brousseau,Done,Development Work,5,19
125885,Product Backlog Item,Dev Only - EForms assessment for Experian Dev Team,Natalya Olgina,Done,Development Work,2,6
125995,Product Backlog Item,External Team Support,Chris Amobi,Done,Non-Sprint Work,,3
125996,Product Backlog Item,External Meetings,Chris Amobi,Done,Non-Sprint Work,,13.5
125997,Product Backlog Item,Company Training,Chris Amobi,Done,Non-Sprint Work,,4.5
125998,Product Backlog Item,Experian Onboarding & Support,Chris Amobi,Done,Non-Sprint Work,,1
125999,Product Backlog Item,Time Off,Chris Amobi,Done,Non-Sprint Work,,20
126000,Product Backlog Item,Admin,Chris Amobi,Done,Non-Sprint Work,,19
126001,Product Backlog Item,Scrum Meetings,Chris Amobi,Done,Sprint Work,,26
126002,Product Backlog Item,Sprint Team Maintenance,Chris Amobi,Done,Sprint Work,,
126291,Product Backlog Item,Dev Research - Improved Local Pre-Population Functionality for State Forms with Form-Based Locals,Joe Brousseau,Done,Development Work,3,12.5
